month,bets,stake,pnl,avg_clv,yield_pct
2025-01,171,17217.95,-718.4800000000001,0.004050292397660819,-0.04172854491969137
2025-02,150,15847.97,-3023.8199999999997,0.004597333333333333,-0.1908017241324914
2025-03,64,6212.1,-1718.5,0.0056265625000000005,-0.2766375299818097
