month,bets,stake,pnl,avg_clv,yield_pct
2024-08,70,5916.31,-1576.07,0.023288571428571426,-0.2663940868548132
2024-09,105,8554.17,-371.36999999999995,0.015947619047619047,-0.04341391391566919
2024-10,78,6355.97,-1247.96,0.019785897435897436,-0.196344539071141
2024-11,77,6400.3,-2695.3,0.019562337662337663,-0.42112088495851757
2024-12,4,353.66,179.36,0.05765,0.5071537635016683
