month,bets,stake,pnl,avg_clv,yield_pct
2024-08,165,12013.47,857.4699999999999,0.04346666666666667,0.07137571409426252
2024-09,281,21366.26,-3246.9,0.040840569395017796,-0.15196389073239774
2024-10,247,17570.11,-2591.41,0.03939392712550607,-0.14748968560811512
2024-11,162,11822.96,-2590.9,0.044287654320987656,-0.21914139944650074
2024-12,21,1544.99,-377.82,0.03839047619047618,-0.24454527213768373
